id,order_code
base.RO_AB,1
base.RO_AG,3
base.RO_AR,2
base.RO_B,40
base.RO_BC,4
base.RO_BH,5
base.RO_BN,6
base.RO_BR,9
base.RO_BT,7
base.RO_BV,8
base.RO_BZ,10
base.RO_CJ,12
base.RO_CL,51
base.RO_CS,11
base.RO_CT,13
base.RO_CV,14
base.RO_DB,15
base.RO_DJ,16
base.RO_GJ,18
base.RO_GL,17
base.RO_GR,52
base.RO_HD,20
base.RO_HR,19
base.RO_IF,23
base.RO_IL,21
base.RO_IS,22
base.RO_MH,25
base.RO_MM,24
base.RO_MS,26
base.RO_NT,27
base.RO_OT,28
base.RO_PH,29
base.RO_SB,32
base.RO_SJ,31
base.RO_SM,30
base.RO_SV,33
base.RO_TL,36
base.RO_TM,35
base.RO_TR,34
base.RO_VL,38
base.RO_VN,39
base.RO_VS,37
